-- Test Data generated by https://www.mockaroo.com/
INSERT INTO inventory.stockist (stockist_id, stockist_code, stockist_status, first_name, last_name) VALUES (1, 'KT20', 'Active', 'Kelby', 'Tynan');
INSERT INTO inventory.stockist (stockist_id, stockist_code, stockist_status, first_name, last_name) VALUES (2, 'WA19', 'ActiveHidden', 'Werner', 'Apps');
INSERT INTO inventory.stockist (stockist_id, stockist_code, stockist_status, first_name, last_name) VALUES (3, 'EC20', 'Inactive', 'Ethel', 'Crisell');
INSERT INTO inventory.stockist (stockist_id, stockist_code, stockist_status, first_name, last_name) VALUES (4, 'OM19', 'ActiveHidden', 'Othilie', 'Mapples');
INSERT INTO inventory.stockist (stockist_id, stockist_code, stockist_status, first_name, last_name) VALUES (5, 'FJ20', 'ActiveHidden', 'Farrand', 'Januszkiewicz');
INSERT INTO inventory.stockist (stockist_id, stockist_code, stockist_status, first_name, last_name) VALUES (6, 'BM19', 'Inactive', 'Blithe', 'Meigh');
INSERT INTO inventory.stockist (stockist_id, stockist_code, stockist_status, first_name, last_name) VALUES (7, 'ST20', 'Inactive', 'Stafani', 'Ticic');
INSERT INTO inventory.stockist (stockist_id, stockist_code, stockist_status, first_name, last_name) VALUES (8, 'DW19', 'Inactive', 'Denni', 'Wolford');
INSERT INTO inventory.stockist (stockist_id, stockist_code, stockist_status, first_name, last_name) VALUES (9, 'SB20', 'Active', 'Sherye', 'Bulpitt');
INSERT INTO inventory.stockist (stockist_id, stockist_code, stockist_status, first_name, last_name) VALUES (10, 'TLM', 'Active', 'Little', 'Mandarin');
ALTER SEQUENCE inventory.stockist_stockist_id_seq RESTART WITH 11;

INSERT INTO inventory.stockist_detail (stockist_id, twitter_handle, instagram_handle, facebook_handle, website_url, image_url, tumblr_handle, email_address, description, full_display_name, short_display_name, thumbnail_image_url) VALUES (1, 'jharrowing0', 'jharrowing0', null, 'https://hhs.gov/velit.png', 'http://dummyimage.com/600x200.png/cc0000/ffffff', null, 'ccareless0@homestead.com', 'integer pede justo lacinia eget tincidunt eget tempus vel pede morbi porttitor lorem id ligula suspendisse ornare consequat lectus in est risus auctor sed tristique', 'Kelby Tynan', 'Kelby Tynan', 'http://dummyimage.com/200x200.png/cc0000/ffffff');
INSERT INTO inventory.stockist_detail (stockist_id, twitter_handle, instagram_handle, facebook_handle, website_url, image_url, tumblr_handle, email_address, description, full_display_name, short_display_name, thumbnail_image_url) VALUES (2, 'astorck1', null, null, 'https://w3.org/rutrum/nulla/nunc.xml', 'http://dummyimage.com/600x200.png/5fa2dd/ffffff', null, 'ghorlock1@smh.com.au', 'faucibus orci luctus et ultrices posuere cubilia curae nulla dapibus dolor vel est donec odio justo sollicitudin ut suscipit', 'Werner Apps', 'Werner Apps', 'http://dummyimage.com/200x200.png/cc0000/ffffff');
INSERT INTO inventory.stockist_detail (stockist_id, twitter_handle, instagram_handle, facebook_handle, website_url, image_url, tumblr_handle, email_address, description, full_display_name, short_display_name, thumbnail_image_url) VALUES (3, 'kflamank2', null, null, 'https://tripod.com/dapibus/augue/vel/accumsan/tellus.xml', 'http://dummyimage.com/600x200.png/ff4444/ffffff', null, 'btitley2@pbs.org', 'fermentum donec ut mauris eget massa tempor convallis nulla neque libero convallis eget eleifend luctus ultricies eu', 'Ethel Crisell', 'Ethel Crisell', 'http://dummyimage.com/200x200.png/cc0000/ffffff');
INSERT INTO inventory.stockist_detail (stockist_id, twitter_handle, instagram_handle, facebook_handle, website_url, image_url, tumblr_handle, email_address, description, full_display_name, short_display_name, thumbnail_image_url) VALUES (4, 'ropfer3', 'ropfer3', null, 'http://mtv.com/non/mauris/morbi.jsp', 'http://dummyimage.com/600x200.png/cc0000/ffffff', null, 'jgunny3@unicef.org', 'nibh in lectus pellentesque at nulla suspendisse potenti cras in purus eu magna vulputate luctus cum sociis natoque penatibus et magnis dis parturient montes nascetur ridiculus mus vivamus vestibulum', 'Othilie Mapples', 'Othilie Mapples', 'http://dummyimage.com/200x200.png/ff4444/ffffff');
INSERT INTO inventory.stockist_detail (stockist_id, twitter_handle, instagram_handle, facebook_handle, website_url, image_url, tumblr_handle, email_address, description, full_display_name, short_display_name, thumbnail_image_url) VALUES (5, 'nhasty4', null, null, 'http://hud.gov/nisi/venenatis/tristique/fusce/congue/diam/id.jpg', 'http://dummyimage.com/600x200.png/dddddd/000000', null, 'bdolling4@usa.gov', 'tellus in sagittis dui vel nisl duis ac nibh fusce lacus purus aliquet at feugiat non pretium', 'Ferrand Januszkiewcz', 'Ferrand Januszkiewcz', 'http://dummyimage.com/200x200.png/ff4444/ffffff');
INSERT INTO inventory.stockist_detail (stockist_id, twitter_handle, instagram_handle, facebook_handle, website_url, image_url, tumblr_handle, email_address, description, full_display_name, short_display_name, thumbnail_image_url) VALUES (6, 'kcondliffe5', 'kcondliffe5', null, 'https://craigslist.org/cras/in.jsp', 'http://dummyimage.com/600x200.png/dddddd/000000', null, 'acater5@printfriendly.com', 'montes nascetur ridiculus mus vivamus vestibulum sagittis sapien cum sociis natoque penatibus et magnis dis parturient montes nascetur ridiculus mus etiam', 'Bliethe Meigh', 'Bliethe Meigh', 'http://dummyimage.com/200x200.png/ff4444/ffffff');
INSERT INTO inventory.stockist_detail (stockist_id, twitter_handle, instagram_handle, facebook_handle, website_url, image_url, tumblr_handle, email_address, description, full_display_name, short_display_name, thumbnail_image_url) VALUES (7, null, null, null, 'http://elegantthemes.com/est/donec/odio/justo/sollicitudin/ut/suscipit.jpg', 'http://dummyimage.com/600x200.png/ff4444/ffffff', null, 'pprimarolo6@go.com', 'mauris ullamcorper purus sit amet nulla quisque arcu libero rutrum ac', 'Stafani Ticic', 'Stafani Ticic', 'http://dummyimage.com/200x200.png/dddddd/000000');
INSERT INTO inventory.stockist_detail (stockist_id, twitter_handle, instagram_handle, facebook_handle, website_url, image_url, tumblr_handle, email_address, description, full_display_name, short_display_name, thumbnail_image_url) VALUES (8, 'titzkovich7', null, null, 'https://china.com.cn/sed/sagittis/nam/congue.jsp', 'http://dummyimage.com/600x200.png/5fa2dd/ffffff', null, 'pleet7@hostgator.com', 'rutrum rutrum neque aenean auctor gravida sem praesent id massa id nisl venenatis lacinia aenean sit amet justo morbi ut odio cras mi pede malesuada in', 'Denni Wolford', 'Denni Wolford', 'http://dummyimage.com/200x200.png/5fa2dd/ffffff');
INSERT INTO inventory.stockist_detail (stockist_id, twitter_handle, instagram_handle, facebook_handle, website_url, image_url, tumblr_handle, email_address, description, full_display_name, short_display_name, thumbnail_image_url) VALUES (9, 'fbonn8', 'fbonn8', null, 'http://google.es/massa/id/nisl.png', 'http://dummyimage.com/600x200.png/cc0000/ffffff', null, 'kbrason8@phpbb.com', 'orci luctus et ultrices posuere cubilia curae nulla dapibus dolor vel est donec odio justo sollicitudin ut suscipit a feugiat et eros vestibulum ac est lacinia nisi venenatis tristique', 'Sherye Bulpitt', 'Sherye Bulpitt', 'http://dummyimage.com/200x200.png/dddddd/000000');
INSERT INTO inventory.stockist_detail (stockist_id, twitter_handle, instagram_handle, facebook_handle, website_url, image_url, tumblr_handle, email_address, description, full_display_name, short_display_name, thumbnail_image_url) VALUES (10, 'vdeakin9', null, 'vdeakin9', 'http://wiley.com/ante/vel/ipsum/praesent/blandit/lacinia/erat.jpg', 'http://dummyimage.com/600x200.png/5fa2dd/ffffff', 'vdeakin9', 'mtooth9@google.ru', 'cras mi pede malesuada in imperdiet et commodo vulputate justo in blandit ultrices enim lorem', 'Sebastian Faiers', 'Sebastian Faiers', 'http://dummyimage.com/200x200.png/cc0000/ffffff');

INSERT INTO billing.commission_rate_group (group_id, rate) VALUES (1, 10);
INSERT INTO billing.commission_rate_group (group_id, rate) VALUES (2, 40);
INSERT INTO billing.commission_rate_group (group_id, rate) VALUES (3, 20);
INSERT INTO billing.commission_rate_group (group_id, rate) VALUES (4, 100);
INSERT INTO billing.commission_rate_group (group_id, rate) VALUES (5, 80);
ALTER SEQUENCE billing.commission_rate_group_group_id_seq RESTART WITH 6;

INSERT INTO billing.commission (commission_id, stockist_id, start_date, end_date, rate_group, inserted_at) VALUES (1, 1, '2019-08-23', '2019-11-23', 1, '2019-08-23 17:36:24');
INSERT INTO billing.commission (commission_id, stockist_id, start_date, end_date, rate_group, inserted_at) VALUES (2, 2, '2019-02-25', '2019-05-25', 3, '2019-02-25 17:36:24');
INSERT INTO billing.commission (commission_id, stockist_id, start_date, end_date, rate_group, inserted_at) VALUES (3, 3, '2019-11-07', '2020-02-07', 3, '2019-11-07 17:36:24');
INSERT INTO billing.commission (commission_id, stockist_id, start_date, end_date, rate_group, inserted_at) VALUES (4, 4, '2019-01-16', '2019-04-16', 2, '2019-01-16 17:36:24');
INSERT INTO billing.commission (commission_id, stockist_id, start_date, end_date, rate_group, inserted_at) VALUES (5, 5, '2019-07-11', '2019-10-11', 1, '2019-07-11 17:36:24');
INSERT INTO billing.commission (commission_id, stockist_id, start_date, end_date, rate_group, inserted_at) VALUES (6, 6, '2019-05-08', '2019-08-08', 4, '2019-05-08 17:36:24');
INSERT INTO billing.commission (commission_id, stockist_id, start_date, end_date, rate_group, inserted_at) VALUES (7, 7, '2019-12-08', '2020-03-08', 5, '2019-12-08 17:36:24');
INSERT INTO billing.commission (commission_id, stockist_id, start_date, end_date, rate_group, inserted_at) VALUES (8, 8, '2019-01-11', '2019-04-11', 5, '2019-01-11 17:36:24');
INSERT INTO billing.commission (commission_id, stockist_id, start_date, end_date, rate_group, inserted_at) VALUES (9, 9, '2019-08-10', '2019-11-10', 3, '2019-08-10 17:36:24');
INSERT INTO billing.commission (commission_id, stockist_id, start_date, end_date, rate_group, inserted_at) VALUES (10, 10, '2019-07-21', '2019-10-21', 5, '2019-07-21 17:36:24');
ALTER SEQUENCE billing.commission_commission_id_seq RESTART WITH 11;
